{"loss":0.743772911654324,"_timestamp":1.7689479058402913e+09,"_wandb":{"runtime":34},"_runtime":34,"_step":0,"train_acc":0.855,"val_acc":0.406}