{"_step":0,"_wandb":{"runtime":2},"_runtime":2,"loss":[2.3025850929940455,2.302571893603995,2.302567495253884,2.3025358984634683,2.3025291027528625,2.302515110161607,2.3025403130900797,2.302535117257244,2.302543519265472,2.302514335069382,2.302480342194934,2.3024823454399344,2.302425966201506,2.302450387681038,2.302493982565762,2.302475186843834,2.3024148230744577,2.3023640592658405,2.3023948703783357,2.3024272591376254,2.302410084128162,2.302303344423479,2.3025012657634956,2.3022993862223142,2.302313416556881,2.302485724955208,2.3021935062202186,2.3023130583926585,2.3023390710088987,2.302118829468269,2.302370266547446,2.3020013770349848,2.30231358013081,2.3022772354558354,2.3023559744404265,2.302415565314057,2.302342436317959,2.3024451941744104,2.302127462301062,2.3022909653243206],"_timestamp":1.7686912582835329e+09}