{"loss":[2.3025850929940455,2.302525145995601,2.302385266919397,2.302413559600612,2.3019781079232864,2.3020944838106607,2.3024984475606014,2.301711730064794,2.301612679691988,2.3017610024347004,2.301654277082384,2.3019778956116737,2.301982512380299,2.3009499158542486,2.301066606224122,2.301391552838888,2.300304213288675,2.300197800708821,2.3011050582552413,2.301149366287117,2.301186371624881,2.3020190341857494,2.3001316682177717,2.300739845337882,2.2999508278150316,2.300116343541849,2.3002879643176786,2.2994345389773976,2.300198400259096,2.2994339258422034,2.298660820128683,2.298730394639774,2.300364905339645,2.3022357857308196,2.3006355297242305,2.2993486195422403,2.300824393853774,2.2987704160177023,2.299930656504314,2.300336031091595],"_timestamp":1.7686910916086247e+09,"_wandb":{"runtime":3},"_runtime":3,"_step":0}