{"_wandb":{"runtime":2},"_runtime":2,"loss":[2.3026409189878865,2.302563335288155,2.302126168381862,2.3025065834346794,2.3021716871381757,2.3019536606401774,2.3016331075982173,2.3016823524039007,2.301364656284506,2.3016594838723012,2.3008284764026588,2.3010442038867605,2.3004984324042557,2.301109655238217,2.3008601948168352,2.301053005942679,2.3005906319276224,2.301695784262647,2.300091489080263,2.300557750747041,2.300658176533532,2.3006841367414315,2.301546806133293,2.301474748425883,2.3006100880633507,2.2996081233396772,2.300393626146983,2.3008788542091265,2.298470754069421,2.2998559495097313,2.2997966159617156,2.299516511496141,2.2988598731484897,2.298606085551755,2.2995705145357475,2.3003320024370764,2.2997366733796305,2.3002062659065263,2.3026081488029333,2.2995499762706477],"_timestamp":1.7686912741550014e+09,"_step":0}