{"loss":[2.3025850948254036,2.3025331453375015,2.3022093397060193,2.302189744343448,2.3021940724538728,2.3022143526005747,2.301755607340727,2.3016961887072465,2.3010696993783886,2.3015939905873233,2.3016306406511973,2.300757840269051,2.302279890288954,2.300784194059475,2.3009649930100893,2.3012173651384336,2.301405507397785,2.300892526593116,2.3023789390420633,2.299947975249028,2.299444008987606,2.3000376637924487,2.300466949643266,2.3004626834104527,2.3003985432444924,2.3013834380723948,2.302166541929584,2.300161457426827,2.298156592897842,2.301307641258231,2.3004090924367633,2.300376534039103,2.299937172050198,2.2989188160842184,2.3010102286006497,2.2992539692275615,2.298034169464618,2.297638714463884,2.299070458770273,2.29869045440228],"_wandb":{"runtime":7},"_runtime":7,"_timestamp":1.7686912702581735e+09,"_step":0}