{"_step":0,"loss":[2.302585090391263,2.302585492458594,2.3025722913237354,2.302571892906246,2.3025578978910337,2.3025327009057324,2.3025315041141683,2.302495912228043,2.3025011190343645,2.302478332079116,2.3025243333182304,2.3024647459302114,2.3024723491873385,2.3024295800181687,2.302464373966271,2.30244239220167,2.3024404162963346,2.302306466882226,2.302458826008404,2.3023392966902922,2.3022893183047923,2.302439273849417,2.3022405839984197,2.3024424991085,2.302390942492266,2.3021866583294166,2.3023110384977787,2.3022203120727394,2.3023374352180865,2.3022770724845807,2.3021280759697937,2.3022763985560792,2.3020185716041386,2.302594601127561,2.302506280768851,2.3022924433962935,2.3023928111045713,2.3020734613579665,2.3021130803066763,2.3018832985141517],"_wandb":{"runtime":2},"_runtime":2,"_timestamp":1.768691248738861e+09}