{"_step":0,"loss":[2.3025850929940312,2.3025742934828255,2.302574694932745,2.302570296418318,2.3025507005394776,2.3025655009160677,2.302490714657178,2.302471121813127,2.302563517049319,2.3024871360765293,2.3025275341738136,2.302462354991615,2.3024859559172297,2.3023768014898427,2.3024779788949212,2.3025223839686224,2.3024412142332698,2.302476005573996,2.30252360410497,2.3025863793394237,2.302428448671412,2.3023832964215614,2.3023741046485635,2.3023769313527236,2.3023989334589956,2.302336164937596,2.3024925002412058,2.302293863080662,2.3022510898424633,2.30243859671364,2.302202349152769,2.302385053446092,2.3024446275553023,2.3021372702269294,2.3021736957727486,2.302412325825469,2.302120193138502,2.302311627635199,2.302268912850806,2.302304532183759],"_timestamp":1.7686912451733167e+09,"_wandb":{"runtime":2},"_runtime":2}