{"_wandb":{"runtime":3},"_runtime":3,"loss":[2.3026269783988527,2.302259671378677,2.3025426963307822,2.3023473042896323,2.302079872193678,2.302394710439135,2.302441933056974,2.302264240623651,2.30217674484239,2.3023585055107914,2.3023255804652876,2.3023446060854957,2.302096687641971,2.302121953000432,2.3021166188881037,2.3022530491902113,2.302000693404014,2.3022300171631636,2.3017130079099544,2.3020123300771638,2.3021713363723446,2.3017905782000976,2.3017215479478703,2.3018794906636812,2.3018862917644483,2.3018027499331026,2.302274994838508,2.302272726412168,2.3013361203417317,2.3019392109812093,2.3023599716448446,2.3019874952652963,2.3018855726168637,2.3017759252199217,2.301691525619848,2.3018160147958726,2.301900172156393,2.3023058157284937,2.3016265845979786,2.3018519689630685],"_timestamp":1.7686914685679836e+09,"_step":0}