{"_timestamp":1.768691079062561e+09,"_runtime":2,"_wandb":{"runtime":2},"_step":0,"loss":[2.302585092994049,2.3025824530174863,2.3025846131030363,2.302580053174969,2.3025820532125296,2.3025758934331235,2.3025628538807634,2.3025778138692505,2.3025719741677886,2.3025677344315443,2.302570054669721,2.3025707748646163,2.302582054637737,2.3025578162063054,2.3025722959446075,2.302547577918613,2.3025654166041423,2.302581335903001,2.3025766168156423,2.3025541391916975,2.302534861388452,2.302553019954997,2.3025622191410426,2.3025555808579923,2.3025523017145653,2.302546142580128,2.3025395043454178,2.302571421043814,2.3025633415415343,2.302516548526374,2.3025567828745066,2.302501832030278,2.302528150582914,2.302531750352892,2.3025313503597036,2.3025176749108534,2.3025359919935333,2.3025522303131907,2.302512158362722,2.302492561797658]}