{"loss":1.8671297778610652,"_timestamp":1.7689477534956772e+09,"_step":0,"_wandb":{"runtime":34},"_runtime":34,"train_acc":0.274,"val_acc":0.266}