{"_wandb":{"runtime":34},"_runtime":34,"loss":2.302669303567892,"_timestamp":1.7689481322033052e+09,"_step":0,"train_acc":0.106,"val_acc":0.102}