{"_runtime":2,"_step":0,"loss":[2.3025850948357562,2.3002846181338983,2.297550094168532,2.292221768487139,2.2940622032151645,2.3047813836200572,2.277640431440368,2.275543631682689,2.293381395372421,2.3047234818542672,2.274203310758645,2.2877505045642366,2.2900981249355197,2.2786639376620044,2.276718243148809,2.2834917417307605,2.2709012183655184,2.3035554847586006,2.30062170610223,2.2815607669810425,2.276054003607648,2.290146655910351,2.252473906327412,2.2755029580969035,2.293728560269163,2.26612929578323,2.2725724999824997,2.288591268563219,2.282653929983296,2.2359900839309876,2.284267006869616,2.2794664455915314,2.277596370626843,2.2533429302754606,2.2462915219836344,2.279864498669755,2.2473461351922426,2.2319511819281193,2.2562682305569925,2.2537375048201467],"_timestamp":1.7686913445715654e+09,"_wandb":{"runtime":2}}