{"_timestamp":1.7686912778686488e+09,"_step":0,"_wandb":{"runtime":2},"_runtime":2,"loss":[2.3025850929940455,2.3024531339941703,2.3021533309326303,2.3021577436963514,2.302082248002336,2.301710967771378,2.30194757058431,2.301177237492869,2.3015413270361256,2.301722055691958,2.301551189997367,2.301157236168273,2.301720582487946,2.3019484244236166,2.3010531554468496,2.301535967469447,2.3001463152061947,2.3001202739295272,2.3013915784737518,2.299026578617633,2.301793354545057,2.3000322055013065,2.3003784964118434,2.2996535819077253,2.2986495399765112,2.2984900071576266,2.2984637412856075,2.2995128753366725,2.2973260411147316,2.299795496341593,2.3018831990315207,2.2983391732621308,2.298092678247151,2.2990273812693793,2.2977970019488367,2.298619242897586,2.3007527895319053,2.300130314636494,2.2981236997888677,2.298782195644297]}