{"_timestamp":1.7686915645066695e+09,"_wandb":{"runtime":4},"_runtime":4,"_step":0,"loss":[31.343632450539065,25.482368747486746,21.35708222961395,6.446309258425049,11.024455294767636,7.394263278281685,4.840977556936091,4.009329371835047,3.6971203279316547,3.8676930546993145,2.131615363600986,1.1507617568691695,0.31824749947111786,0.24681716769698617,0.2024973333841522,0.047134868980831544,0.03888676572323872,0.0084405746133694,0.01187373481416216,0.01782427910203573,0.0029262091134314334,0.004248767339963962,0.0022139926189199124,0.006832117387318405,0.005193635916124204,0.005225233780748847,0.00860233449789517,0.0037903204945155104,0.006176658546796082,0.0036157485354048977,0.004119782845757316,0.002091059887668423,0.0025940358700411777,0.0029093170927559937,0.003717092569982957,0.0010967869361072895,0.0023868510216259074,0.0015659441726032536,0.003990886934655766,0.0033904516471720126]}