{"loss":1.7176077494607167,"_wandb":{"runtime":34},"_runtime":34,"_timestamp":1.7689482798319888e+09,"_step":0,"train_acc":0.373,"val_acc":0.351}