{"_step":0,"train_acc":0.254,"val_acc":0.253,"_wandb":{"runtime":34},"_runtime":34,"loss":1.82966159962041,"_timestamp":1.7689481685260744e+09}