{"train_acc":0.222,"val_acc":0.23,"loss":2.2186590155448527,"_timestamp":1.7689480565341582e+09,"_step":0,"_wandb":{"runtime":34},"_runtime":34}