{"_runtime":34,"train_acc":0.186,"val_acc":0.171,"loss":2.623084848050164,"_timestamp":1.7689476417850435e+09,"_step":0,"_wandb":{"runtime":34}}