{"_step":0,"_runtime":35,"_wandb":{"runtime":35},"train_acc":0.118,"val_acc":0.105,"loss":2.299482665776221,"_timestamp":1.7689477909860854e+09}