{"_timestamp":1.7686912144587069e+09,"_step":0,"loss":[2.3025850943403854,2.3025816526875547,2.3025793359744178,2.302576056335012,2.302575974597026,2.302578294846149,2.3025689348477005,2.302573175507467,2.302570052933344,2.3025658135365425,2.302558696103056,2.302566613491965,2.302553255157546,2.302529500384681,2.302574218249098,2.302545336055413,2.302530220033157,2.302544379523118,2.3025348598668915,2.302539579024185,2.302520303283263,2.3025493417445126,2.302508785544019,2.302539266038137,2.3025542230876317,2.302559582763861,2.3025246285602234,2.302527588431112,2.302579183395732,2.302562304856693,2.3025028775709675,2.3024749578843737,2.30249439894519,2.302528391535202,2.3025243150569317,2.3024999178814514,2.302510078769836,2.302546954684688,2.3025395139399443,2.3025762278097552],"_wandb":{"runtime":2},"_runtime":2}