{"_wandb":{"runtime":5},"_runtime":5,"loss":[2.3025747742196008,2.3024816694825843,2.3024729297398987,2.302533565384751,2.302523559707903,2.302396158925547,2.302405467298513,2.3023143851133097,2.30234225467746,2.3023695155404105,2.3022954367474937,2.3025487506644016,2.302287509213382,2.302288973112621,2.3022850091676283,2.302334865725272,2.3020448401966123,2.3024668347370105,2.302394681751651,2.3021058981234974,2.301865654973339,2.3020830290500083,2.301912175576799,2.3020512239328164,2.301850757241494,2.3017917321092516,2.3019940406997086,2.3014881440908224,2.302027709618153,2.301900388527088,2.3021503666236898,2.3020752764797705,2.301965466347097,2.3023213623810794,2.3022379975920133,2.3014750596961338,2.301426415754152,2.302141693698617,2.3017704122669658,2.3016566451586784],"_timestamp":1.7686912379874408e+09,"_step":0}