{"train_acc":0.522,"val_acc":0.372,"loss":4.025539108655434,"_timestamp":1.768947942153519e+09,"_step":0,"_wandb":{"runtime":34},"_runtime":34}