{"_timestamp":1.768691230707136e+09,"_step":0,"_wandb":{"runtime":2},"_runtime":2,"loss":[2.302585092740158,2.3025698921731985,2.302543493855247,2.3025555044876285,2.302505116348532,2.302464334410223,2.302479552244008,2.30245637030758,2.302532375378363,2.3023988234052934,2.3024604435984815,2.3023812850955974,2.3023421364092775,2.3022278415892217,2.3022238782037374,2.302394238411691,2.3022607475584476,2.3023623459139357,2.302227266868095,2.3021178173306796,2.302329664943909,2.301790243993956,2.3021459914288256,2.3023227586534993,2.3018632719759857,2.3024395155476345,2.301709997146467,2.302099260090577,2.3019578670738503,2.3023342429171523,2.301990068959322,2.302042131111535,2.3019518543172834,2.3019240334753244,2.3020909936376124,2.301900287122966,2.302297303251079,2.3018988808455605,2.3022718681531433,2.3018734160280285]}