{"_wandb":{"runtime":35},"_timestamp":1.7689476050426624e+09,"_step":0,"train_acc":0.424,"val_acc":0.292,"loss":1.8689402761414473,"_runtime":35}