{"_runtime":34,"loss":2.9670918919164637,"_timestamp":1.768947716809266e+09,"_step":0,"train_acc":0.481,"val_acc":0.355,"_wandb":{"runtime":34}}