{"_timestamp":1.768691398137439e+09,"_step":0,"loss":[2.3025850940317203,2.294982218940749,2.2961787985760846,2.26727491324281,2.268472463759324,2.157697054127531,2.254017045290776,2.2280433651829985,2.2099176069284585,2.280516971160936,2.1919567972965255,2.1891279248499482,2.2648631700920907,2.155660570889246,2.231472540088013,2.262562983285003,2.242690488140133,2.246459668578704,2.193915575147271,2.1296938908757332,2.304697718348388,2.2664717773534035,2.2134986130289054,2.3580802584458285,2.182255652584433,2.185606593425911,2.2616994038450677,2.2952588690671196,2.24257541644896,2.194438330261523,2.3171256757057135,2.152170774844871,2.1019011548885937,2.2017886207333395,2.1705787531776375,2.2456775278397187,2.2105497487477006,2.251347333904591,2.1677255961418154,2.251672525250431],"_wandb":{"runtime":2},"_runtime":2}