{"_runtime":2,"loss":[2.3025850929940526,2.3023571859493583,2.302105530803092,2.3021739636008594,2.3021063595354696,2.3015835195051584,2.3010529224220906,2.3024958568983953,2.3007914536503504,2.3019861014675005,2.3018150889291364,2.301604390100478,2.3011545503106525,2.301199013628402,2.3013808058869962,2.3009147170278066,2.3013738268008357,2.30086903898927,2.3002154141133375,2.300386816694703,2.301721818035388,2.3022832030999107,2.29988580316839,2.298279638620782,2.299087889734812,2.29644729542466,2.3008496748984917,2.2991713620573604,2.300544261412547,2.2975066784414047,2.3016522303154265,2.2989959276828937,2.2995897397183596,2.297344479043579,2.3013916366809477,2.2997280267788422,2.298135070318614,2.300294969024202,2.2993344977392085,2.2986774973926254],"_timestamp":1.7686912618438854e+09,"_step":0,"_wandb":{"runtime":2}}