{"_timestamp":1.7689480959977462e+09,"_step":0,"_wandb":{"runtime":37},"_runtime":37,"train_acc":0.089,"val_acc":0.079,"loss":2.2996991652354826}