{"_runtime":4,"loss":[2.3025850929940455,2.302579573034435,2.302576453167629,2.3025765333312203,2.302575653522012,2.3025632539191903,2.3025766140139727,2.3025658144063383,2.3025681344547353,2.3025619752902444,2.302549416020172,2.3025720553453706,2.3025374176687956,2.302578936245283,2.302546857981533,2.3025771762556415,2.302563178039769,2.302517982473457,2.3025391806980027,2.302540861853311,2.302499506458084,2.302540383106579,2.3025739003950214,2.3025543037518594,2.3025393452686753,2.302519108953225,2.302528788767744,2.3025152724875237,2.3025668647461606,2.302519431684839,2.302499355689291,2.3025744662743715,2.302480962377392,2.3025533507684326,2.3025294348659218,2.302498481752998,2.302495524956367,2.302491927312896,2.3024886480340894,2.30257367242657],"_timestamp":1.768691223800718e+09,"_step":0,"_wandb":{"runtime":4}}