{"_wandb":{"runtime":563},"_runtime":563,"_timestamp":1.7689497466203089e+09,"_step":0,"train_acc":0.701,"val_acc":0.576,"loss":1.1864038969715127}