{"_step":0,"loss":[2.3025850913238135,2.3027532384342306,2.3023774893776063,2.3021620744036433,2.302090893547276,2.301716102490316,2.3012785267945928,2.3008578759665217,2.300708911033473,2.300575141354466,2.301257446786199,2.3005833861929577,2.300561574710503,2.29961936784623,2.299614328937382,2.301107614412705,2.3000191284028326,2.29876110637217,2.2985992421892885,2.2998378904504033,2.300749889305434,2.3002910057124644,2.296459815229557,2.2972761275749094,2.3005844966041624,2.2976561563718203,2.299873268228895,2.295929179028544,2.2957586208940906,2.296031513660257,2.2983625586446044,2.298967846376596,2.2929094822642595,2.295478591282732,2.2978137741087084,2.29682025333135,2.300502107747555,2.290747370304812,2.293375829337763,2.2984982804615113],"_timestamp":1.7686913409893565e+09,"_wandb":{"runtime":2},"_runtime":2}