{"loss":[2.302585096735742,2.3025762930897566,2.302532304855286,2.302541112859463,2.3025307163478383,2.30252992020139,2.3025243561684863,2.302453189157952,2.302426804619237,2.3024276228375693,2.3024348618893815,2.3024612693043425,2.3024092997690695,2.302307817063025,2.302292632621125,2.3023031122704136,2.302268737630279,2.3022807648468477,2.3021713226660814,2.3024295499192093,2.3020787252630672,2.3020188046353485,2.3022386669553283,2.3022476305072637,2.3022771336335324,2.3020447093901106,2.3020760288722726,2.3019921997789075,2.3024116942715858,2.3022654551448873,2.3018381187851737,2.3017686791242866,2.3017969041507325,2.302368032387212,2.3020893152795963,2.302091943830787,2.3023275109395924,2.301756609903465,2.3015241869901346,2.3015172625739284],"_timestamp":1.7686910826333818e+09,"_runtime":2,"_wandb":{"runtime":2},"_step":0}