{"val_acc":0.079,"loss":2.2980814248949195,"_timestamp":1.7689478275201533e+09,"_wandb":{"runtime":34},"_runtime":34,"_step":0,"train_acc":0.099}