{"_timestamp":1.768691211001441e+09,"_wandb":{"runtime":2},"_runtime":2,"_step":0,"loss":[2.3025850929940366,2.3025840530193418,2.3025799730850336,2.302579733165126,2.3025794932310344,2.3025736534713968,2.3025886134920786,2.302570293915881,2.302562374480289,2.3025773341638955,2.3025684548949474,2.3025597354279936,2.3025674954917084,2.3025630959757293,2.3025673359436007,2.3025526974663646,2.3025689365061983,2.3025432587474977,2.302572616640047,2.3025498200224987,2.3025313414624042,2.3025647000998943,2.302536461996746,2.302547741592949,2.30252094540832,2.3025218267560787,2.3025339064961834,2.302539426322751,2.3025047909154885,2.3024999125774515,2.3024788760972053,2.30253751066895,2.3025271930587703,2.3025027972175014,2.302488639774402,2.3024919208605126,2.3025121598869847,2.302493204413794,2.3025022428311646,2.3025355986370437]}