{"_wandb":{"runtime":34},"_runtime":34,"train_acc":0.761,"val_acc":0.421,"loss":1.7281623696790123,"_timestamp":1.7689482435467336e+09,"_step":0}