{"_step":0,"train_acc":0.818,"val_acc":0.329,"_wandb":{"runtime":35},"_runtime":35,"loss":1.5298826271928738,"_timestamp":1.76894802000115e+09}