{"_step":0,"_wandb":{"runtime":2},"_runtime":2,"loss":[2.3025850929940455,2.3025682955939404,2.3025483015531516,2.302571509271277,2.3025307190670126,2.3025315258218613,2.3024235760880076,2.302358808112454,2.3025243783894886,2.3024340350308488,2.3022317481513097,2.302454906391877,2.302326202379479,2.302146331442583,2.3022543203760764,2.3021992495772796,2.3022704390156594,2.3021897742430757,2.3024016356631787,2.3022058225239594,2.3021970901378404,2.30219317529319,2.3024209878896538,2.30201747386114,2.30210787965183,2.3019233097646183,2.301977021838351,2.3021153139307184,2.3017359074233457,2.3018263848992326,2.3019582025256207,2.3017386445676142,2.3018513372250946,2.3019672785779064,2.3023451893023963,2.302195857120679,2.302049774685864,2.301683385851164,2.3020293826477585,2.3022712676308728],"_timestamp":1.768691241559659e+09}