{"_timestamp":1.7686910861847818e+09,"_wandb":{"runtime":2},"_runtime":2,"_step":0,"loss":[2.302626720112845,2.302750684509856,2.3028234315091285,2.3024411554339737,2.30264636091753,2.302510931415508,2.302452313015867,2.302760441508058,2.302482007990021,2.3025047581431055,2.3027801398276453,2.302451846863265,2.302609711885582,2.302778441442309,2.3027443591242296,2.3023500389637466,2.302607536217043,2.302657896357735,2.302437576268986,2.302440816545573,2.302413433833296,2.302502651466664,2.302565499627329,2.3024340701805084,2.3025549571010804,2.302421718568721,2.302588736163734,2.302432035865335,2.302516918935781,2.3024298123136493,2.3023944035097985,2.3023957322686472,2.3022687488957208,2.3025715705971512,2.3021257408922926,2.3023456938822306,2.3025405023061447,2.3022946829139608,2.3022097959853376,2.3024022154900083]}