{"_runtime":36,"val_acc":0.079,"loss":2.3024068730575564,"_timestamp":1.7689478655706453e+09,"_step":0,"train_acc":0.111,"_wandb":{"runtime":36}}