{"val_acc":0.078,"loss":2.298366866789095,"_wandb":{"runtime":36},"_runtime":36,"_timestamp":1.7689482070386827e+09,"_step":0,"train_acc":0.093}