{"_wandb":{"runtime":37},"_runtime":37,"_timestamp":1.76894768050048e+09,"_step":0,"train_acc":0.368,"val_acc":0.338,"loss":1.67635357715617}