{"train_acc":0.309,"val_acc":0.281,"loss":1.773137435446747,"_timestamp":1.7689483189460912e+09,"_wandb":{"runtime":37},"_runtime":37,"_step":0}