{"_step":0,"train_acc":0.224,"val_acc":0.148,"loss":40.272994814665175,"_wandb":{"runtime":39},"_runtime":39,"_timestamp":1.7689479831049345e+09}