{"_step":0,"_wandb":{"runtime":3},"_runtime":3,"loss":[2.3025850943516697,2.3025666958656825,2.3025547000312616,2.3025667061608717,2.302487523141885,2.302566722849462,2.3024843444730205,2.302483582579073,2.3024651891596224,2.3023684344203734,2.302415679375707,2.3024260847435647,2.3022861827341434,2.302478905868282,2.3022350976268955,2.3025301346844977,2.3023246925521104,2.302335138573332,2.302547051491531,2.302117805993562,2.302149053523313,2.302133940627999,2.3021619491863197,2.301955027236647,2.3019207857259847,2.301963164779727,2.3021111481264156,2.3020767968527953,2.3020202057970134,2.302129702818535,2.302135396866752,2.3022961013056378,2.3021387147608463,2.3021316342617113,2.3019727756268775,2.302339459061956,2.302282872371103,2.3023251462280605,2.3016090314137996,2.301807874797221],"_timestamp":1.768691418296558e+09}