{"loss":[2.30258509299406,2.3025362955813806,2.302532306330873,2.302499520758788,2.302487539680724,2.3024851555328616,2.302436393464444,2.302552370819343,2.3024252237670972,2.3022677222659254,2.3024860677947565,2.302317391862198,2.3023230096286453,2.3022711012077584,2.3024526134747365,2.3022024201591345,2.3023375252394924,2.302450306956763,2.302422397581923,2.302459941128016,2.3023488782936776,2.302066916354059,2.3019974143968893,2.3021996088348446,2.302166930520239,2.302250902486081,2.30203926343085,2.3020049658041724,2.302237433002609,2.3022640158791323,2.301901973255282,2.302401635689906,2.3022105753580577,2.302411225545655,2.302020643848794,2.3015537348582016,2.301765348340436,2.3020744516671807,2.3020034324199283,2.3019693658198666],"_timestamp":1.7686912272370453e+09,"_step":0,"_wandb":{"runtime":2},"_runtime":2}