{"_timestamp":1.7686912179151928e+09,"_wandb":{"runtime":2},"_runtime":2,"_step":0,"loss":[2.302391625687863,2.302602383379317,2.302827332287138,2.3026669598735823,2.3025516239867763,2.3027441882839925,2.30233367833915,2.302952495611531,2.302519721682372,2.302384382207782,2.3027966474784005,2.3029524818191947,2.3027194682834025,2.303047324775167,2.302653908288175,2.3024960481953385,2.30246790085382,2.30275531768127,2.302838112225403,2.302850177712231,2.302926524378591,2.302542524155656,2.3024538912188777,2.302495098012843,2.302315217038347,2.302944014141715,2.302810408218479,2.3024259979141504,2.3022848678423324,2.3023527522548717,2.302067169375566,2.302859436768388,2.302838172466376,2.3027503025029996,2.3026079028898194,2.302290763563732,2.3024297422839712,2.302670302650902,2.302659227032328,2.3027505327413174]}