{"loss":[2.3026176631545514,2.3025202990979734,2.302336464005034,2.302429039175283,2.302496990183773,2.3020914406668287,2.3021099966542145,2.302194400765866,2.302071975663326,2.302429794124556,2.3024749942817575,2.3025197925657293,2.3024734008342715,2.3022748296238897,2.302457454707568,2.302560327155812,2.302278560058863,2.3023148143321466,2.3022140035197123,2.3023804043115934,2.302316867419393,2.30215147607695,2.302234860113959,2.3020183139977015,2.302018751270017,2.302162716266449,2.3019902902346825,2.3022754084760013,2.30175282518325,2.3018604307650516,2.302235079545136,2.3022531334043026,2.3022572705260043,2.3022038733758854,2.302100146437927,2.302366330830259,2.3021867991769716,2.3021155111370053,2.301841455226445,2.3024405997451898],"_timestamp":1.7686912547484567e+09,"_step":0,"_wandb":{"runtime":4},"_runtime":4}